<?xml version="1.0" encoding="UTF-8"?>
<project-private xmlns="http://www.netbeans.org/ns/project-private/1">
    <editor-bookmarks xmlns="http://www.netbeans.org/ns/editor-bookmarks/2" lastBookmarkId="0"/>
    <open-files xmlns="http://www.netbeans.org/ns/projectui-open-files/2">
        <group>
            <file>file:/C:/xampp/htdocs/PA_infinity/eventoCreacion.php</file>
            <file>file:/C:/xampp/htdocs/PA_infinity/eventoModificar.php</file>
            <file>file:/C:/xampp/htdocs/PA_infinity/header.php</file>
            <file>file:/C:/xampp/htdocs/PA_infinity/mapsScript.php</file>
            <file>file:/C:/xampp/htdocs/PA_infinity/index.php</file>
            <file>file:/C:/xampp/htdocs/PA_infinity/localizacionProcesamiento.php</file>
            <file>file:/C:/xampp/htdocs/PA_infinity/cuentaRegistroProcesamiento.php</file>
            <file>file:/C:/xampp/htdocs/PA_infinity/eventoIndex.php</file>
            <file>file:/C:/xampp/htdocs/PA_infinity/eventoMostrar.php</file>
            <file>file:/C:/xampp/htdocs/PA_infinity/conexion.php</file>
            <file>file:/C:/xampp/htdocs/PA_infinity/localizacionMostrar.php</file>
            <file>file:/C:/xampp/htdocs/PA_infinity/eventoCreacionProcesamiento.php</file>
        </group>
    </open-files>
</project-private>
